Workbook

Sheet ห้อง Lab
A1: id | B1: ชื่อภาษาไทย | C1: ชื่อภาษาอังกฤษ | D1: หมายเลขห้อง | E1: ประเภทห้อง Lab | F1: พื้นที่ | G1: ความจุ(คน) | H1: division | I1: unit | J1: ชั้น | K1: id อาคาร | L1: ชื่ออาคาร | M1: sid | N1: responsibility_person | O1: structure | P1: status | Q1: booking | R1: dateadd
A2: 0 | B2: Center Store Room | D2: F9999 | L2: อาคารเครื่องมือ 0
A3: 1 | B3: พื้นที่ปฎิบัติการ SEDA | D3: F01 | E3: พื้นที่ปฎิบัติการ SEDA | F3: 1196.83 | G3: 0 | H3: NULL | I3: NULL | J3: 1 | K3: 1 | L3: =VLOOKUP(K3,อาคาร!$A$2:$B$20,2,FALSE) -> อาคารเครื่องมือ 1 | M3: NULL | N3: NULL | O3: NULL | P3: พร้อมใช้งาน | Q3: NULL | R3: 45737.494
A4: 2 | B4: ห้องปฎิบัติการเครื่องจักรกลพื้นฐาน(โรงเครื่องมือกล... | C4: MACHINE SHOP | D4: F01101 | E4: ห้องปฎิบัติการงานพัฒนาเครื่องมือและสิ่งประดิษฐ์ | F4: 654.93 | G4: 60 | H4: NULL | I4: NULL | J4: 1 | K4: 1 | L4: =VLOOKUP(K4,อาคาร!$A$2:$B$20,2,FALSE) -> อาคารเครื่องมือ 1 | M4: NULL | N4: NULL | O4: NULL | P4: พร้อมใช้งาน | Q4: NULL | R4: 45737.494
A5: 3 | B5: ห้องปฎิบัติการเครื่องกัดโลหะ 5 แกน | C5: CNC MILLING MACHINE 5 AXIS Lab | D5: F01101-5 | E5: พื้นที่ปฎิบัติการต้นแบบทางวิศวกรรม | F5: 26.07 | G5: 6 | H5: NULL | I5: NULL | J5: 1 | K5: 1 | L5: =VLOOKUP(K5,อาคาร!$A$2:$B$20,2,FALSE) -> อาคารเครื่องมือ 1 | M5: NULL | N5: NULL | O5: NULL | P5: พร้อมใช้งาน | Q5: NULL | R5: 45737.494
A6: 4 | B6: ห้องปฎิบัติการเครื่องกลึง CNC | C6: CNC TURNING MACHINE Lab | D6: F01101-8 | E6: ห้องปฎิบัติการงานพัฒนาเครื่องมือและสิ่งประดิษฐ์ | F6: 37.94 | G6: 6 | H6: NULL | I6: NULL | J6: 1 | K6: 1 | L6: =VLOOKUP(K6,อาคาร!$A$2:$B$20,2,FALSE) -> อาคารเครื่องมือ 1 | M6: NULL | N6: NULL | O6: NULL | P6: พร้อมใช้งาน | Q6: NULL | R6: 45737.494
A7: 5 | B7: ห้อง เบิก จ่ายวัสดุอุปกรณ์ งานพัฒนาเครื่องมือและสิ... | C7: Material and equipment disbursement room | D7: F01101-7 | E7: ห้องปฎิบัติการงานพัฒนาเครื่องมือและสิ่งประดิษฐ์ | F7: 33.63 | G7: 4 | H7: NULL | I7: NULL | J7: 1 | K7: 1 | L7: =VLOOKUP(K7,อาคาร!$A$2:$B$20,2,FALSE) -> อาคารเครื่องมือ 1 | M7: NULL | N7: NULL | O7: NULL | P7: พร้อมใช้งาน | Q7: NULL | R7: 45737.494
A8: 6 | B8: ห้องปฎิบัติการ ออกแบบ เขียนแบบ | C8: DESING AND DRAFTING Lab | D8: F01101-6 | E8: ห้องปฎิบัติการงานพัฒนาเครื่องมือและสิ่งประดิษฐ์ | F8: 27.45 | G8: 10 | H8: NULL | I8: NULL | J8: 1 | K8: 1 | L8: =VLOOKUP(K8,อาคาร!$A$2:$B$20,2,FALSE) -> อาคารเครื่องมือ 1 | M8: NULL | N8: NULL | O8: NULL | P8: พร้อมใช้งาน | Q8: NULL | R8: 45737.494
A9: 7 | B9: ห้องเก็บวัสดุงานพัฒนาเครื่องมือและสิ่งประดิษฐ์ | D9: F01101-3 | E9: ห้องปฎิบัติการงานพัฒนาเครื่องมือและสิ่งประดิษฐ์ | F9: 11.39 | G9: 1 | H9: NULL | I9: NULL | J9: 1 | K9: 1 | L9: =VLOOKUP(K9,อาคาร!$A$2:$B$20,2,FALSE) -> อาคารเครื่องมือ 1 | M9: NULL | N9: NULL | O9: NULL | P9: พร้อมใช้งาน | Q9: NULL | R9: 45737.494
A10: 8 | B10: ห้องปฎิบัติการเครื่องมือวัด | C10: MEASURING TOOLS Lab | D10: F01101-4 | E10: ห้องปฎิบัติการงานพัฒนาเครื่องมือและสิ่งประดิษฐ์ | F10: 33 | G10: 4 | H10: NULL | I10: NULL | J10: 1 | K10: 1 | L10: =VLOOKUP(K10,อาคาร!$A$2:$B$20,2,FALSE) -> อาคารเครื่องมือ 1 | M10: NULL | N10: NULL | O10: NULL | P10: พร้อมใช้งาน | Q10: NULL | R10: 45737.494
A11: 9 | B11: ห้องพักพนักงาน งานพัฒนาเครื่องมือและสิ่งประดิษฐ์ | C11: STAFF ROOM | D11: F01101-2 | E11: ห้องปฎิบัติการงานพัฒนาเครื่องมือและสิ่งประดิษฐ์ | F11: 22.84 | G11: 4 | H11: NULL | I11: NULL | J11: 1 | K11: 1 | L11: =VLOOKUP(K11,อาคาร!$A$2:$B$20,2,FALSE) -> อาคารเครื่องมือ 1 | M11: NULL | N11: NULL | O11: NULL | P11: พร้อมใช้งาน | Q11: NULL | R11: 45737.494
A12: 10 | B12: ห้องปฎิบัติการเครื่องกัดโลหะ 3 แกน | C12: CNC MILLING 3 AXIS Lab | D12: F01101-1 | E12: ห้องปฎิบัติการงานพัฒนาเครื่องมือและสิ่งประดิษฐ์ | F12: 22.75 | G12: 6 | H12: NULL | I12: NULL | J12: 1 | K12: 1 | L12: =VLOOKUP(K12,อาคาร!$A$2:$B$20,2,FALSE) -> อาคารเครื่องมือ 1 | M12: NULL | N12: NULL | O12: NULL | P12: พร้อมใช้งาน | Q12: NULL | R12: 45737.494
A13: 11 | B13: ห้องระบบไฟฟ้าสำรองประจำอาคาร | D13: F01101-12 | E13: ห้องปฎิบัติการงานพัฒนาเครื่องมือและสิ่งประดิษฐ์ | F13: 29.79 | G13: 4 | H13: NULL | I13: NULL | J13: 1 | K13: 1 | L13: =VLOOKUP(K13,อาคาร!$A$2:$B$20,2,FALSE) -> อาคารเครื่องมือ 1 | M13: NULL | N13: NULL | O13: NULL | P13: พร้อมใช้งาน | Q13: NULL | R13: 45737.494
A14: 12 | B14: ห้องปฎิบัติการเครื่องตัดววัสดุด้วยแสงเลเซอร์ CNC | C14: CNC LASER CUTTING MACHINE Lab | D14: F01101-9 | E14: ห้องปฎิบัติการงานพัฒนาเครื่องมือและสิ่งประดิษฐ์ | F14: 49.44 | G14: 6 | H14: NULL | I14: NULL | J14: 1 | K14: 1 | L14: =VLOOKUP(K14,อาคาร!$A$2:$B$20,2,FALSE) -> อาคารเครื่องมือ 1 | M14: NULL | N14: NULL | O14: NULL | P14: พร้อมใช้งาน | Q14: NULL | R14: 45737.494
A15: 13 | B15: ห้องปฎิบัติการ งานพ่นสี | C15: PAINT BOOTH | D15: F01101-10 | E15: ห้องปฎิบัติการงานพัฒนาเครื่องมือและสิ่งประดิษฐ์ | F15: 20.36 | G15: 4 | H15: NULL | I15: NULL | J15: 1 | K15: 1 | L15: =VLOOKUP(K15,อาคาร!$A$2:$B$20,2,FALSE) -> อาคารเครื่องมือ 1 | M15: NULL | N15: NULL | O15: NULL | P15: พร้อมใช้งาน | Q15: NULL | R15: 45737.494
A16: 14 | B16: ห้องควบคุมระบบไฟฟ้าประจำอาคาร | C16: Electrical system control room for the building | D16: F01101-11 | E16: ห้องปฎิบัติการงานพัฒนาเครื่องมือและสิ่งประดิษฐ์ | F16: 25.91 | G16: 0 | H16: NULL | I16: NULL | J16: 1 | K16: 1 | L16: =VLOOKUP(K16,อาคาร!$A$2:$B$20,2,FALSE) -> อาคารเครื่องมือ 1 | M16: NULL | N16: NULL | O16: NULL | P16: พร้อมใช้งาน | Q16: NULL | R16: 45737.494
A17: 15 | B17: ห้องปฎิบัติการวิศวกรรมการผลิต | C17: RAPID PROTOTYPE Lab | D17: F01115A | E17: ห้องปฎิบัติการวิศวกรรมการผลิต | F17: 62.31 | G17: 20 | H17: NULL | I17: NULL | J17: 1 | K17: 1 | L17: =VLOOKUP(K17,อาคาร!$A$2:$B$20,2,FALSE) -> อาคารเครื่องมือ 1 | M17: NULL | N17: NULL | O17: NULL | P17: พร้อมใช้งาน | Q17: NULL | R17: 45737.494
A18: 16 | B18: ห้องปฎิบัติการวิศวกรรมการผลิต Seminar 1 | C18: Seminar 1 | D18: F01110A | E18: ห้องปฎิบัติการวิศวกรรมการผลิต | F18: 115.3 | G18: 60 | H18: NULL | I18: NULL | J18: 1 | K18: 1 | L18: =VLOOKUP(K18,อาคาร!$A$2:$B$20,2,FALSE) -> อาคารเครื่องมือ 1 | M18: NULL | N18: NULL | O18: NULL | P18: พร้อมใช้งาน | Q18: NULL | R18: 45737.494
A19: 17 | B19: ห้องปฎิบัติการทดสอบวัสดุก่อสร้าง | C19: Construction Materials Testing Laboratory | D19: F01102I | E19: ห้องปฎิบัติการทดสอบวัสดุก่อสร้าง Construction Mate... | F19: 15.4 | G19: 2 | H19: NULL | I19: NULL | J19: 1 | K19: 1 | L19: =VLOOKUP(K19,อาคาร!$A$2:$B$20,2,FALSE) -> อาคารเครื่องมือ 1 | M19: NULL | N19: NULL | O19: NULL | P19: พร้อมใช้งาน | Q19: NULL | R19: 45737.494
A20: 18 | B20: ห้องปฎิบัติการทดสอบวัสดุก่อสร้าง | C20: Construction Materials Testing Laboratory | D20: F01102E | E20: ห้องปฎิบัติการทดสอบวัสดุก่อสร้าง Construction Mate... | F20: 134.8 | G20: 8 | H20: NULL | I20: NULL | J20: 1 | K20: 1 | L20: =VLOOKUP(K20,อาคาร!$A$2:$B$20,2,FALSE) -> อาคารเครื่องมือ 1 | M20: NULL | N20: NULL | O20: NULL | P20: พร้อมใช้งาน | Q20: NULL | R20: 45737.494
A21: 19 | B21: ห้องปฎิบัติการทดสอบวัสดุก่อสร้าง | C21: Construction Materials Testing Laboratory | D21: F01102D | E21: ห้องปฎิบัติการทดสอบวัสดุก่อสร้าง Construction Mate... | F21: 17.6 | G21: 6 | H21: NULL | I21: NULL | J21: 1 | K21: 1 | L21: =VLOOKUP(K21,อาคาร!$A$2:$B$20,2,FALSE) -> อาคารเครื่องมือ 1 | M21: NULL | N21: NULL | O21: NULL | P21: พร้อมใช้งาน | Q21: NULL | R21: 45737.494
A22: 20 | B22: ห้องปฎิบัติการทดสอบวัสดุก่อสร้าง | C22: Construction Materials Testing Laboratory | D22: F01102K | E22: ห้องปฎิบัติการทดสอบวัสดุก่อสร้าง Construction Mate... | F22: 24.01 | G22: 4 | H22: NULL | I22: NULL | J22: 1 | K22: 1 | L22: =VLOOKUP(K22,อาคาร!$A$2:$B$20,2,FALSE) -> อาคารเครื่องมือ 1 | M22: NULL | N22: NULL | O22: NULL | P22: พร้อมใช้งาน | Q22: NULL | R22: 45737.494
A23: 21 | B23: ห้องปฎิบัติการทดสอบวัสดุก่อสร้าง | C23: Construction Materials Testing Laboratory | D23: F01102B | E23: ห้องปฎิบัติการทดสอบวัสดุก่อสร้าง Construction Mate... | F23: 41.2 | G23: 4 | H23: NULL | I23: NULL | J23: 1 | K23: 1 | L23: =VLOOKUP(K23,อาคาร!$A$2:$B$20,2,FALSE) -> อาคารเครื่องมือ 1 | M23: NULL | N23: NULL | O23: NULL | P23: พร้อมใช้งาน | Q23: NULL | R23: 45737.494
A24: 22 | B24: ห้องปฎิบัติการทดสอบวัสดุก่อสร้าง | C24: Construction Materials Testing Laboratory | D24: F01102A | E24: ห้องปฎิบัติการทดสอบวัสดุก่อสร้าง Construction Mate... | F24: 17.54 | G24: 4 | H24: NULL | I24: NULL | J24: 1 | K24: 1 | L24: =VLOOKUP(K24,อาคาร!$A$2:$B$20,2,FALSE) -> อาคารเครื่องมือ 1 | M24: NULL | N24: NULL | O24: NULL | P24: พร้อมใช้งาน | Q24: NULL | R24: 45737.494
A25: 23 | B25: ห้องปฎิบัติการทดสอบวัสดุก่อสร้าง | C25: Construction Materials Testing Laboratory | D25: F01102C | E25: ห้องปฎิบัติการทดสอบวัสดุก่อสร้าง Construction Mate... | F25: 58.22 | G25: 8 | H25: NULL | I25: NULL | J25: 1 | K25: 1 | L25: =VLOOKUP(K25,อาคาร!$A$2:$B$20,2,FALSE) -> อาคารเครื่องมือ 1 | M25: NULL | N25: NULL | O25: NULL | P25: พร้อมใช้งาน | Q25: NULL | R25: 45737.494
... A40: 38 | B40: ห้องปฎิบัติการทดสอบวัสดุก่อสร้าง | C40: Construction Materials Testing Laboratory | D40: F01105B | E40: ห้องปฎิบัติการทดสอบวัสดุก่อสร้าง Construction Mate... | F40: 6.5 | G40: 1 | H40: NULL | I40: NULL | J40: 1 | K40: 1 | L40: =VLOOKUP(K40,อาคาร!$A$2:$B$20,2,FALSE) -> อาคารเครื่องมือ 1 | M40: NULL | N40: NULL | O40: NULL | P40: พร้อมใช้งาน | Q40: NULL | R40: 45737.494
A41: 44 | B41: ห้องเก็บอุปกรณ์ปฏิบัติการ สโตร์ | D41: F01111A | E41: ห้องปฎิบัติการวิศวกรรมการผลิต | F41: 49 | G41: 0 | H41: NULL | I41: NULL | J41: 1 | K41: 1 | L41: =VLOOKUP(K41,อาคาร!$A$2:$B$20,2,FALSE) -> อาคารเครื่องมือ 1 | M41: NULL | N41: NULL | O41: NULL | P41: พร้อมใช้งาน | Q41: NULL | R41: 45737.494
A42: 45 | B42: ห้องควบคุมไฟฟ้า | D42: F01112A | E42: ห้องปฎิบัติการวิศวกรรมการผลิต | F42: 13.84 | G42: 0 | H42: NULL | I42: NULL | J42: 1 | K42: 1 | L42: =VLOOKUP(K42,อาคาร!$A$2:$B$20,2,FALSE) -> อาคารเครื่องมือ 1 | M42: NULL | N42: NULL | O42: NULL | P42: พร้อมใช้งาน | Q42: NULL | R42: 45737.494
A43: 46 | B43: ห้องปฎิบัติการเครื่องมือวัดละเอียด 3 มิติ | C43: 3D SCANNER Lab | D43: F01113A | E43: ห้องปฎิบัติการวิศวกรรมการผลิต | F43: 15.81 | G43: 10 | H43: NULL | I43: NULL | J43: 1 | K43: 1 | L43: =VLOOKUP(K43,อาคาร!$A$2:$B$20,2,FALSE) -> อาคารเครื่องมือ 1 | M43: NULL | N43: NULL | O43: NULL | P43: พร้อมใช้งาน | Q43: NULL | R43: 45737.494
A44: 47 | B44: ห้องพักเจ้าหน้าที่ประจำปฎิบัติการวิศวกรรมการผลิต | D44: F01114A | E44: ห้องปฎิบัติการวิศวกรรมการผลิต | F44: 15.18 | G44: 1 | H44: NULL | I44: NULL | J44: 1 | K44: 1 | L44: =VLOOKUP(K44,อาคาร!$A$2:$B$20,2,FALSE) -> อาคารเครื่องมือ 1 | M44: NULL | N44: NULL | O44: NULL | P44: พร้อมใช้งาน | Q44: NULL | R44: 45737.494
A45: 48 | B45: ห้องปฎิบัติการวิศวกรรมการผลิต Seminar2 | C45: Seminar2 | D45: F01116A | E45: ห้องปฎิบัติการวิศวกรรมการผลิต | F45: 93.91 | G45: 30 | H45: NULL | I45: NULL | J45: 1 | K45: 1 | L45: =VLOOKUP(K45,อาคาร!$A$2:$B$20,2,FALSE) -> อาคารเครื่องมือ 1 | M45: NULL | N45: NULL | O45: NULL | P45: พร้อมใช้งาน | Q45: NULL | R45: 45737.494
A46: 51 | B46: ห้องปฎิบัติการวิศวกรรมการผลิต Seminar3 | C46: Seminar3 | D46: F01118A | E46: ห้องปฎิบัติการวิศวกรรมการผลิต | F46: 82.81 | G46: 40 | H46: NULL | I46: NULL | J46: 1 | K46: 1 | L46: =VLOOKUP(K46,อาคาร!$A$2:$B$20,2,FALSE) -> อาคารเครื่องมือ 1 | M46: NULL | N46: NULL | O46: NULL | P46: พร้อมใช้งาน | Q46: NULL | R46: 45737.494
A47: 52 | B47: ห้องปฎิบัติการหุ่นยนต์เชื่อมอุตสาหกรรม | C47: WELDING ROBOT CNC Lab | D47: F01119A | E47: ห้องปฎิบัติการวิศวกรรมการผลิต | F47: 121.63 | G47: 20 | H47: NULL | I47: NULL | J47: 1 | K47: 1 | L47: =VLOOKUP(K47,อาคาร!$A$2:$B$20,2,FALSE) -> อาคารเครื่องมือ 1 | M47: NULL | N47: NULL | O47: NULL | P47: พร้อมใช้งาน | Q47: NULL | R47: 45737.494
A48: 53 | B48: ห้องปฎิบัติการโรงงานอุตสาหกรรม 4.0 | C48: FACTORY 4.0 Lab | D48: F01117A | E48: ห้องปฎิบัติการวิศวกรรมการผลิต | F48: 123.82 | G48: 30 | H48: NULL | I48: NULL | J48: 1 | K48: 1 | L48: =VLOOKUP(K48,อาคาร!$A$2:$B$20,2,FALSE) -> อาคารเครื่องมือ 1 | M48: NULL | N48: NULL | O48: NULL | P48: พร้อมใช้งาน | Q48: NULL | R48: 45737.494
A49: 58 | B49: ห้องปฎิบัติการกัดกลึงอัตโนมัติขนาดเล็ก | C49: MINI CNC Lab | D49: F01122A | E49: ห้องปฎิบัติการวิศวกรรมการผลิต | F49: 20.52 | G49: 10 | H49: NULL | I49: NULL | J49: 1 | K49: 1 | L49: =VLOOKUP(K49,อาคาร!$A$2:$B$20,2,FALSE) -> อาคารเครื่องมือ 1 | M49: NULL | N49: NULL | O49: NULL | P49: พร้อมใช้งาน | Q49: NULL | R49: 45737.494
A50: 59 | B50: ห้องปฎิบัติการตัดชิ้นงานด้วยเลเซอร์ | C50: LASER CUT Lab | D50: F01122B | E50: ห้องปฎิบัติการวิศวกรรมการผลิต | F50: 30.14 | G50: 10 | H50: NULL | I50: NULL | J50: 1 | K50: 1 | L50: =VLOOKUP(K50,อาคาร!$A$2:$B$20,2,FALSE) -> อาคารเครื่องมือ 1 | M50: NULL | N50: NULL | O50: NULL | P50: พร้อมใช้งาน | Q50: NULL | R50: 45737.494
A51: 60 | B51: ห้องปฎิบัติการตัดพับบรรจุภัณฑ์ | C51: PACKAGING STICKKER Lab | D51: F01121A | E51: ห้องปฎิบัติการวิศวกรรมการผลิต | F51: 51.04 | G51: 10 | H51: NULL | I51: NULL | J51: 1 | K51: 1 | L51: =VLOOKUP(K51,อาคาร!$A$2:$B$20,2,FALSE) -> อาคารเครื่องมือ 1 | M51: NULL | N51: NULL | O51: NULL | P51: พร้อมใช้งาน | Q51: NULL | R51: 45737.494
A52: 61 | B52: ห้องปฎิบัติการวิศวกรรมเคมี | C52: ห้องปฎิบัติการวิศวกรรมเคมี | D52: F01124A | E52: ห้องปฎิบัติการวิศวกรรมเคมี | F52: 16.1 | G52: 6 | H52: NULL | I52: NULL | J52: 1 | K52: 1 | L52: =VLOOKUP(K52,อาคาร!$A$2:$B$20,2,FALSE) -> อาคารเครื่องมือ 1 | M52: NULL | N52: NULL | O52: NULL | P52: พร้อมใช้งาน | Q52: NULL | R52: 45737.494
A53: 62 | B53: ห้องปฎิบัติการวิศวกรรมเคมี | C53: ห้องปฎิบัติการวิศวกรรมเคมี | D53: F01125A | E53: ห้องปฎิบัติการวิศวกรรมเคมี | F53: 14.43 | G53: 6 | H53: NULL | I53: NULL | J53: 1 | K53: 1 | L53: =VLOOKUP(K53,อาคาร!$A$2:$B$20,2,FALSE) -> อาคารเครื่องมือ 1 | M53: NULL | N53: NULL | O53: NULL | P53: พร้อมใช้งาน | Q53: NULL | R53: 45737.494
A54: 63 | B54: ห้องปฎิบัติการวิศวกรรมเคมี | C54: ห้องปฎิบัติการวิศวกรรมเคมี | D54: F01126A | E54: ห้องปฎิบัติการวิศวกรรมเคมี | F54: 22.99 | G54: 6 | H54: NULL | I54: NULL | J54: 1 | K54: 1 | L54: =VLOOKUP(K54,อาคาร!$A$2:$B$20,2,FALSE) -> อาคารเครื่องมือ 1 | M54: NULL | N54: NULL | O54: NULL | P54: พร้อมใช้งาน | Q54: NULL | R54: 45737.494
A55: 64 | B55: ห้องปฎิบัติการวิศวกรรมเคมี | C55: ห้องปฎิบัติการวิศวกรรมเคมี | D55: F01127A | E55: ห้องปฎิบัติการวิศวกรรมเคมี | F55: 22.04 | G55: 6 | H55: NULL | I55: NULL | J55: 1 | K55: 1 | L55: =VLOOKUP(K55,อาคาร!$A$2:$B$20,2,FALSE) -> อาคารเครื่องมือ 1 | M55: NULL | N55: NULL | O55: NULL | P55: พร้อมใช้งาน | Q55: NULL | R55: 45737.494
A56: 65 | B56: Chem Store | C56: ห้องปฎิบัติการวิศวกรรมเคมี | D56: F01130A | E56: Chem Store | F56: 29.05 | G56: 6 | H56: NULL | I56: NULL | J56: 1 | K56: 1 | L56: =VLOOKUP(K56,อาคาร!$A$2:$B$20,2,FALSE) -> อาคารเครื่องมือ 1 | M56: NULL | N56: NULL | O56: NULL | P56: พร้อมใช้งาน | Q56: NULL | R56: 45737.494
... A99: 112 | B99: ห้องปฏิบัติการวิจัยฟิสิกส์ | C99: Physics Research Laboratory | D99: F1206 | E99: ห้องปฏิบัติการวิจัยฟิสิกส์ | F99: 9.53 | G99: 4 | H99: NULL | I99: NULL | J99: 2 | K99: 1 | L99: =VLOOKUP(K99,อาคาร!$A$2:$B$20,2,FALSE) -> อาคารเครื่องมือ 1 | M99: NULL | N99: NULL | O99: NULL | P99: พร้อมใช้งาน | Q99: NULL | R99: 45737.494
A100: 113 | D100: F1225 | F100: 18.57 | G100: - | H100: NULL | I100: NULL | J100: 2 | K100: 1 | L100: =VLOOKUP(K100,อาคาร!$A$2:$B$20,2,FALSE) -> อาคารเครื่องมือ 1 | M100: NULL | N100: NULL | O100: NULL | P100: พร้อมใช้งาน | Q100: NULL | R100: 45737.494
A101: 115 | B101: ห้องพักผู้ช่วยวิจัย | C101: Researcher Rest Room | D101: F1235 | E101: ห้องพักผู้ช่วยวิจัย | F101: 9.43 | G101: 3 | H101: NULL | I101: NULL | J101: 2 | K101: 1 | L101: =VLOOKUP(K101,อาคาร!$A$2:$B$20,2,FALSE) -> อาคารเครื่องมือ 1 | M101: NULL | N101: NULL | O101: NULL | P101: พร้อมใช้งาน | Q101: NULL | R101: 45737.494
A102: 116 | B102: BIOTHERM | D102: F1204-1 | E102: BIOTHERM | F102: 39.39 | G102: 4 | H102: NULL | I102: NULL | J102: 2 | K102: 1 | L102: =VLOOKUP(K102,อาคาร!$A$2:$B$20,2,FALSE) -> อาคารเครื่องมือ 1 | M102: NULL | N102: NULL | O102: NULL | P102: พร้อมใช้งาน | Q102: NULL | R102: 45737.494
A103: 120 | B103: ทางหนีไฟ | C103: FIRE EXIT | D103: F1200-FE | E103: FIRF EXIT | F103: 6.52 | G103: 0 | H103: NULL | I103: NULL | J103: 2 | K103: 1 | L103: =VLOOKUP(K103,อาคาร!$A$2:$B$20,2,FALSE) -> อาคารเครื่องมือ 1 | M103: NULL | N103: NULL | O103: NULL | P103: พร้อมใช้งาน | Q103: NULL | R103: 45737.494
A104: 121 | B104: ห้องปฏิบัติการวิจัยเคมี | C104: Chemistry Research Laboratory | D104: F1301 | E104: ห้องปฏิบัติการวิจัยเคมี | F104: 19.17 | G104: 3 | H104: NULL | I104: NULL | J104: 3 | K104: 1 | L104: =VLOOKUP(K104,อาคาร!$A$2:$B$20,2,FALSE) -> อาคารเครื่องมือ 1 | M104: NULL | N104: NULL | O104: NULL | P104: พร้อมใช้งาน | Q104: NULL | R104: 45737.494
A105: 122 | B105: ห้องปฏิบัติการวิจัยเคมี | C105: Chemistry Research Laboratory | D105: F1303 | E105: ห้องปฏิบัติการวิจัยเคมี | F105: 19.53 | G105: 3 | H105: NULL | I105: NULL | J105: 3 | K105: 1 | L105: =VLOOKUP(K105,อาคาร!$A$2:$B$20,2,FALSE) -> อาคารเครื่องมือ 1 | M105: NULL | N105: NULL | O105: NULL | P105: พร้อมใช้งาน | Q105: NULL | R105: 45737.494
A106: 123 | B106: ห้องปฏิบัติการวิจัยชีววิทยา | C106: Biology Research Laboratory | D106: F1314 | E106: ห้องเครื่องมือกลาง | F106: 18.44 | G106: 4 | H106: NULL | I106: NULL | J106: 3 | K106: 1 | L106: =VLOOKUP(K106,อาคาร!$A$2:$B$20,2,FALSE) -> อาคารเครื่องมือ 1 | M106: NULL | N106: NULL | O106: NULL | P106: พร้อมใช้งาน | Q106: NULL | R106: 45737.494
A107: 124 | B107: ห้องปฏิบัติการวิจัยเคมี | C107: Chemistry Research Laboratory | D107: F1315 | E107: กลุ่มวิจัยฟิสิกส์สารควบแน่น | F107: 19.1 | G107: 3 | H107: NULL | I107: NULL | J107: 3 | K107: 1 | L107: =VLOOKUP(K107,อาคาร!$A$2:$B$20,2,FALSE) -> อาคารเครื่องมือ 1 | M107: NULL | N107: NULL | O107: NULL | P107: พร้อมใช้งาน | Q107: NULL | R107: 45737.494
A108: 125 | B108: ห้องปฏิบัติการวิจัยเคมี | C108: Chemistry Research Laboratory | D108: F1316 | E108: ห้องปฏิบัติการวิจัยเคมี | F108: 20.38 | G108: 3 | H108: NULL | I108: NULL | J108: 3 | K108: 1 | L108: =VLOOKUP(K108,อาคาร!$A$2:$B$20,2,FALSE) -> อาคารเครื่องมือ 1 | M108: NULL | N108: NULL | O108: NULL | P108: พร้อมใช้งาน | Q108: NULL | R108: 45737.494
A109: 126 | B109: ห้องปฎิบัติการวิจัยเคมี | C109: Chemistry Research Laboratory | D109: F1317 | E109: ห้องปฎิบัติการวิจัยคณิตศาสตร์ | F109: 20.38 | G109: 3 | H109: NULL | I109: NULL | J109: 3 | K109: 1 | L109: =VLOOKUP(K109,อาคาร!$A$2:$B$20,2,FALSE) -> อาคารเครื่องมือ 1 | M109: NULL | N109: NULL | O109: NULL | P109: พร้อมใช้งาน | Q109: NULL | R109: 45737.494
A110: 127 | B110: ห้องปฎิบัติการวิจัยคณิตศาสตร์ | C110: Mathematical Research Laboratory | D110: F1318 | E110: ห้องปฎิบัติการวิจัยคณิตศาสตร์ | F110: 19 | G110: 4 | H110: NULL | I110: NULL | J110: 3 | K110: 1 | L110: =VLOOKUP(K110,อาคาร!$A$2:$B$20,2,FALSE) -> อาคารเครื่องมือ 1 | M110: NULL | N110: NULL | O110: NULL | P110: พร้อมใช้งาน | Q110: NULL | R110: 45737.494
A111: 128 | B111: ห้องปฎิบัติการวิจัยคณิตศาสตร์ | C111: Mathematical Research Laboratory | D111: F1319 | E111: ห้องปฎิบัติการวิจัยคณิตศาสตร์ | F111: 18.35 | G111: 4 | H111: NULL | I111: NULL | J111: 3 | K111: 1 | L111: =VLOOKUP(K111,อาคาร!$A$2:$B$20,2,FALSE) -> อาคารเครื่องมือ 1 | M111: NULL | N111: NULL | O111: NULL | P111: พร้อมใช้งาน | Q111: NULL | R111: 45737.494
A112: 129 | B112: ห้องปฎิบัติการวิจัยคณิตศาสตร์ | C112: Mathematical Research Laboratory | D112: F1320 | E112: ห้องปฎิบัติการวิจัยคณิตศาสตร์ | F112: 37.19 | G112: 4 | H112: NULL | I112: NULL | J112: 3 | K112: 1 | L112: =VLOOKUP(K112,อาคาร!$A$2:$B$20,2,FALSE) -> อาคารเครื่องมือ 1 | M112: NULL | N112: NULL | O112: NULL | P112: พร้อมใช้งาน | Q112: NULL | R112: 45737.494
A113: 130 | B113: ห้องปฏิบัติการวิจัยคณิตศาสตร์ | C113: Mathematical Research Laboratory | D113: F1321 | E113: ห้องปฏิบัติการวิจัยเคมี | F113: 18.29 | G113: 4 | H113: NULL | I113: NULL | J113: 3 | K113: 1 | L113: =VLOOKUP(K113,อาคาร!$A$2:$B$20,2,FALSE) -> อาคารเครื่องมือ 1 | M113: NULL | N113: NULL | O113: NULL | P113: พร้อมใช้งาน | Q113: NULL | R113: 45737.494
A114: 131 | B114: ห้องปฏิบัติการวิจัยคณิตศาสตร์ | C114: Mathematical Research Laboratory | D114: F1322 | E114: ห้องปฏิบัติการวิจัยเคมี | F114: 19.08 | G114: 4 | H114: NULL | I114: NULL | J114: 3 | K114: 1 | L114: =VLOOKUP(K114,อาคาร!$A$2:$B$20,2,FALSE) -> อาคารเครื่องมือ 1 | M114: NULL | N114: NULL | O114: NULL | P114: พร้อมใช้งาน | Q114: NULL | R114: 45737.494
... A128: 145 | B128: ห้องพักนักวิจัย | C128: Staff office | D128: F1335 | E128: ห้องพักนักวิจัย | F128: 9.43 | G128: 3 | H128: NULL | I128: NULL | J128: 3 | K128: 1 | L128: =VLOOKUP(K128,อาคาร!$A$2:$B$20,2,FALSE) -> อาคารเครื่องมือ 1 | M128: NULL | N128: NULL | O128: NULL | P128: พร้อมใช้งาน | Q128: NULL | R128: 45737.494
A129: 147 | D129: F1304 | E129: ห้องปฏิบัติการวิจัยเคมี | F129: 39.26 | G129: - | H129: NULL | I129: NULL | J129: 3 | K129: 1 | L129: =VLOOKUP(K129,อาคาร!$A$2:$B$20,2,FALSE) -> อาคารเครื่องมือ 1 | M129: NULL | N129: NULL | O129: NULL | P129: พร้อมใช้งาน | Q129: NULL | R129: 45737.494
A130: 148 | D130: F1305 | F130: 19.33 | G130: - | H130: NULL | I130: NULL | J130: 3 | K130: 1 | L130: =VLOOKUP(K130,อาคาร!$A$2:$B$20,2,FALSE) -> อาคารเครื่องมือ 1 | M130: NULL | N130: NULL | O130: NULL | P130: พร้อมใช้งาน | Q130: NULL | R130: 45737.494
A131: 149 | B131: ห้องเก็บตัวอย่างแช่แข็ง | D131: F1306 | E131: ห้องเก็บตัวอย่างแช่แข็ง | F131: 19.25 | G131: 2 | H131: NULL | I131: NULL | J131: 3 | K131: 1 | L131: =VLOOKUP(K131,อาคาร!$A$2:$B$20,2,FALSE) -> อาคารเครื่องมือ 1 | M131: NULL | N131: NULL | O131: NULL | P131: พร้อมใช้งาน | Q131: NULL | R131: 45737.494
A132: 150 | B132: ห้องปฎิบัติการวิจัยทางสเต็มเซลล์เทคนิค | D132: F1307 | E132: ห้องปฎิบัติการวิจัยทางสเต็มเซลล์เทคนิค | F132: 19.1 | G132: 4 | H132: NULL | I132: NULL | J132: 3 | K132: 1 | L132: =VLOOKUP(K132,อาคาร!$A$2:$B$20,2,FALSE) -> อาคารเครื่องมือ 1 | M132: NULL | N132: NULL | O132: NULL | P132: พร้อมใช้งาน | Q132: NULL | R132: 45737.494
A133: 151 | B133: ห้องปฎิบัติการวิจัยทางเคมี | D133: F1308 | E133: ห้องปฎิบัติการวิจัยทางเคมี | F133: 19.25 | G133: 4 | H133: NULL | I133: NULL | J133: 3 | K133: 1 | L133: =VLOOKUP(K133,อาคาร!$A$2:$B$20,2,FALSE) -> อาคารเครื่องมือ 1 | M133: NULL | N133: NULL | O133: NULL | P133: พร้อมใช้งาน | Q133: NULL | R133: 45737.494
A134: 152 | B134: ห้องปฎิบัติการวิจัยการผลิตตัวอ่อน | D134: F1309 | E134: ห้องปฎิบัติการวิจัยการผลิตตัวอ่อน | F134: 19.08 | G134: 4 | H134: NULL | I134: NULL | J134: 3 | K134: 1 | L134: =VLOOKUP(K134,อาคาร!$A$2:$B$20,2,FALSE) -> อาคารเครื่องมือ 1 | M134: NULL | N134: NULL | O134: NULL | P134: พร้อมใช้งาน | Q134: NULL | R134: 45737.494
A135: 153 | D135: F1310 | E135: ห้องปฏิบัติการวิจัยเคมี | F135: 19.18 | G135: - | H135: NULL | I135: NULL | J135: 3 | K135: 1 | L135: =VLOOKUP(K135,อาคาร!$A$2:$B$20,2,FALSE) -> อาคารเครื่องมือ 1 | M135: NULL | N135: NULL | O135: NULL | P135: พร้อมใช้งาน | Q135: NULL | R135: 45737.494
A136: 154 | D136: F1311 | F136: 18.38 | G136: - | H136: NULL | I136: NULL | J136: 3 | K136: 1 | L136: =VLOOKUP(K136,อาคาร!$A$2:$B$20,2,FALSE) -> อาคารเครื่องมือ 1 | M136: NULL | N136: NULL | O136: NULL | P136: พร้อมใช้งาน | Q136: NULL | R136: 45737.494
A137: 155 | B137: ห้องปฎิบัติการวิจัยการผลิตเครื่องมือการผลิตตัวอ่อน... | D137: F1312 | E137: ห้องปฎิบัติการวิจัยการผลิตเครื่องมือการผลิตตัวอ่อน... | F137: 18.44 | G137: 4 | H137: NULL | I137: NULL | J137: 3 | K137: 1 | L137: =VLOOKUP(K137,อาคาร!$A$2:$B$20,2,FALSE) -> อาคารเครื่องมือ 1 | M137: NULL | N137: NULL | O137: NULL | P137: พร้อมใช้งาน | Q137: NULL | R137: 45737.494
A138: 156 | D138: F1313 | F138: 18.47 | G138: - | H138: NULL | I138: NULL | J138: 3 | K138: 1 | L138: =VLOOKUP(K138,อาคาร!$A$2:$B$20,2,FALSE) -> อาคารเครื่องมือ 1 | M138: NULL | N138: NULL | O138: NULL | P138: พร้อมใช้งาน | Q138: NULL | R138: 45737.494
A139: 160 | B139: FIRE EXIT | C139: FIRE EXIT | D139: F1300-FE | E139: FIRF EXIT | F139: 6.52 | G139: 0 | H139: NULL | I139: NULL | J139: 3 | K139: 1 | L139: =VLOOKUP(K139,อาคาร!$A$2:$B$20,2,FALSE) -> อาคารเครื่องมือ 1 | M139: NULL | N139: NULL | O139: NULL | P139: พร้อมใช้งาน | Q139: NULL | R139: 45737.494
A140: 161 | B140: ห้องปฎิบัติการจุลชีววิทยาพื้นฐาน | C140: Microbiology Laboratory | D140: F2101A | E140: ห้องปฎิบัติการจุลชีววิทยาพื้นฐาน | F140: 175.32 | G140: 30 | H140: NULL | I140: NULL | J140: 1 | K140: 2 | L140: =VLOOKUP(K140,อาคาร!$A$2:$B$20,2,FALSE) -> อาคารเครื่องมือ 2 | M140: NULL | N140: NULL | O140: NULL | P140: พร้อมใช้งาน | Q140: NULL | R140: 45737.494
A141: 162 | B141: ห้องเตรียมปฏิบัติการชีววิทยา | C141: Biological Preparation Room | D141: F2101B | E141: ห้องเตรียมปฏิบัติการชีววิทยา | F141: 23.54 | G141: 4 | H141: NULL | I141: NULL | J141: 1 | K141: 2 | L141: =VLOOKUP(K141,อาคาร!$A$2:$B$20,2,FALSE) -> อาคารเครื่องมือ 2 | M141: NULL | N141: NULL | O141: NULL | P141: พร้อมใช้งาน | Q141: NULL | R141: 45737.494
A142: 163 | B142: ห้องเครื่องชั่งชีววิทยา | C142: Biological Weighting Room | D142: F2101C | E142: ห้องเครื่องชั่งชีววิทยา | F142: 7.91 | G142: 4 | H142: NULL | I142: NULL | J142: 1 | K142: 2 | L142: =VLOOKUP(K142,อาคาร!$A$2:$B$20,2,FALSE) -> อาคารเครื่องมือ 2 | M142: NULL | N142: NULL | O142: NULL | P142: พร้อมใช้งาน | Q142: NULL | R142: 45737.494
A143: 164 | B143: ห้องปฎิบัติการจุลชีววิทยาพื้นฐาน | C143: Microbiology Laboratory | D143: F2102 | E143: ห้องปฎิบัติการจุลชีววิทยาพื้นฐาน | F143: 171.65 | G143: 30 | H143: NULL | I143: NULL | J143: 1 | K143: 2 | L143: =VLOOKUP(K143,อาคาร!$A$2:$B$20,2,FALSE) -> อาคารเครื่องมือ 2 | M143: NULL | N143: NULL | O143: NULL | P143: พร้อมใช้งาน | Q143: NULL | R143: 45737.494
A144: 165 | B144: ห้องปฎิบัติการชีววิทยาทางสัตว์ | C144: Animal Biology Laboratory | D144: F2103 | E144: ห้องปฎิบัติการชีววิทยาทางสัตว์ | F144: 171.67 | G144: 30 | H144: NULL | I144: NULL | J144: 1 | K144: 2 | L144: =VLOOKUP(K144,อาคาร!$A$2:$B$20,2,FALSE) -> อาคารเครื่องมือ 2 | M144: NULL | N144: NULL | O144: NULL | P144: พร้อมใช้งาน | Q144: NULL | R144: 45737.494
A145: 166 | B145: ห้องเตรียมปฏิบัติการชีววิทยา | C145: Animal Biology Laboratory | D145: F2103B | F145: 23.54 | G145: 4 | H145: NULL | I145: NULL | J145: 1 | K145: 2 | L145: =VLOOKUP(K145,อาคาร!$A$2:$B$20,2,FALSE) -> อาคารเครื่องมือ 2 | M145: NULL | N145: NULL | O145: NULL | P145: พร้อมใช้งาน | Q145: NULL | R145: 45737.494
A146: 167 | B146: ห้องชั่งสาร และอุปกรณ์ | C146: Animal Biology Laboratory | D146: F2103C | F146: 7.91 | G146: 4 | H146: NULL | I146: NULL | J146: 1 | K146: 2 | L146: =VLOOKUP(K146,อาคาร!$A$2:$B$20,2,FALSE) -> อาคารเครื่องมือ 2 | M146: NULL | N146: NULL | O146: NULL | P146: พร้อมใช้งาน | Q146: NULL | R146: 45737.494
A147: 168 | B147: ห้องปฎิบัติการชีววิทยาทางสัตว์ | C147: Animal Biology Laboratory | D147: F2104 | E147: ห้องปฎิบัติการชีววิทยาทางสัตว์ | F147: 175.06 | G147: 30 | H147: NULL | I147: NULL | J147: 1 | K147: 2 | L147: =VLOOKUP(K147,อาคาร!$A$2:$B$20,2,FALSE) -> อาคารเครื่องมือ 2 | M147: NULL | N147: NULL | O147: NULL | P147: พร้อมใช้งาน | Q147: NULL | R147: 45737.494
A148: 169 | B148: ห้องปฎิบัติการจุลชีววิทยา 1 | C148: Microbiology Laboratory 1 | D148: F2105 | E148: ห้องปฎิบัติการจุลชีววิทยา 1 | F148: 190.54 | G148: 30 | H148: NULL | I148: NULL | J148: 1 | K148: 2 | L148: =VLOOKUP(K148,อาคาร!$A$2:$B$20,2,FALSE) -> อาคารเครื่องมือ 2 | M148: NULL | N148: NULL | O148: NULL | P148: พร้อมใช้งาน | Q148: NULL | R148: 45737.494
A149: 170 | B149: ห้องปฏิบัติการเคมีวิเคราะห์ 2 | C149: Analytical Chemistry Laboratory 2 | D149: F2106 | E149: ห้องปฏิบัติการเคมีวิเคราะห์ | F149: 187.16 | G149: 30 | H149: NULL | I149: NULL | J149: 1 | K149: 2 | L149: =VLOOKUP(K149,อาคาร!$A$2:$B$20,2,FALSE) -> อาคารเครื่องมือ 2 | M149: NULL | N149: NULL | O149: NULL | P149: พร้อมใช้งาน | Q149: NULL | R149: 45737.494
A150: 171 | B150: ห้องปฏิบัติการวิจัยชีวเคมี | C150: Biochemistry Research Laboratory | D150: F2107 | E150: ห้องปฏิบัติการวิจัยชีวเคมี | F150: 169.96 | G150: 30 | H150: NULL | I150: NULL | J150: 1 | K150: 2 | L150: =VLOOKUP(K150,อาคาร!$A$2:$B$20,2,FALSE) -> อาคารเครื่องมือ 2 | M150: NULL | N150: NULL | O150: NULL | P150: พร้อมใช้งาน | Q150: NULL | R150: 45737.494
A151: 172 | B151: ห้องเครื่องมือทางชีวเคมี 1 | C151: Biochemistry Equipment Room 1 | D151: F2107B | F151: 16.14 | G151: 4 | H151: NULL | I151: NULL | J151: 1 | K151: 2 | L151: =VLOOKUP(K151,อาคาร!$A$2:$B$20,2,FALSE) -> อาคารเครื่องมือ 2 | M151: NULL | N151: NULL | O151: NULL | P151: พร้อมใช้งาน | Q151: NULL | R151: 45737.494
A152: 173 | B152: ห้องเครื่องมือทางชีวเคมี 2 | C152: Biochemistry Equipment Room 2 | D152: F2107C | F152: 29.46 | G152: 4 | H152: NULL | I152: NULL | J152: 1 | K152: 2 | L152: =VLOOKUP(K152,อาคาร!$A$2:$B$20,2,FALSE) -> อาคารเครื่องมือ 2 | M152: NULL | N152: NULL | O152: NULL | P152: พร้อมใช้งาน | Q152: NULL | R152: 45737.494
A153: 174 | B153: ห้องเครื่องมือทางชีวเคมี 3 | C153: Biochemistry Equipment Room 3 | D153: F2107D | F153: 13.22 | G153: 4 | H153: NULL | I153: NULL | J153: 1 | K153: 2 | L153: =VLOOKUP(K153,อาคาร!$A$2:$B$20,2,FALSE) -> อาคารเครื่องมือ 2 | M153: NULL | N153: NULL | O153: NULL | P153: พร้อมใช้งาน | Q153: NULL | R153: 45737.494
A154: 175 | B154: ห้องเครื่องมือทางชีวเคมี 4 | C154: Biochemistry Equipment Room 4 | D154: F2107E | F154: 8.13 | G154: 4 | H154: NULL | I154: NULL | J154: 1 | K154: 2 | L154: =VLOOKUP(K154,อาคาร!$A$2:$B$20,2,FALSE) -> อาคารเครื่องมือ 2 | M154: NULL | N154: NULL | O154: NULL | P154: พร้อมใช้งาน | Q154: NULL | R154: 45737.494
A155: 176 | B155: ห้องเครื่องมือทางชีวเคมี 5 | C155: Biochemistry Equipment Room 5 | D155: F2107F | F155: 11.85 | G155: 4 | H155: NULL | I155: NULL | J155: 1 | K155: 2 | L155: =VLOOKUP(K155,อาคาร!$A$2:$B$20,2,FALSE) -> อาคารเครื่องมือ 2 | M155: NULL | N155: NULL | O155: NULL | P155: พร้อมใช้งาน | Q155: NULL | R155: 45737.494
A156: 177 | B156: ห้องปฏิบัติการวิจัยชีวเคมี | C156: Biochemistry Research Laboratory | D156: F2108 | E156: ห้องปฏิบัติการวิจัยชีวเคมี | F156: 104.37 | G156: 30 | H156: NULL | I156: NULL | J156: 1 | K156: 2 | L156: =VLOOKUP(K156,อาคาร!$A$2:$B$20,2,FALSE) -> อาคารเครื่องมือ 2 | M156: NULL | N156: NULL | O156: NULL | P156: พร้อมใช้งาน | Q156: NULL | R156: 45737.494
A157: 178 | B157: ห้องเครื่องมือทางชีวเคมี 1 | C157: Biochemistry Equipment Room 1 | D157: F2108B | F157: 15.21 | G157: 4 | H157: NULL | I157: NULL | J157: 1 | K157: 2 | L157: =VLOOKUP(K157,อาคาร!$A$2:$B$20,2,FALSE) -> อาคารเครื่องมือ 2 | M157: NULL | N157: NULL | O157: NULL | P157: พร้อมใช้งาน | Q157: NULL | R157: 45737.494
A158: 179 | B158: ห้องเครื่องมือทางชีวเคมี 2 | C158: Biochemistry Equipment Room 2 | D158: F2108C | F158: 8.58 | G158: 4 | H158: NULL | I158: NULL | J158: 1 | K158: 2 | L158: =VLOOKUP(K158,อาคาร!$A$2:$B$20,2,FALSE) -> อาคารเครื่องมือ 2 | M158: NULL | N158: NULL | O158: NULL | P158: พร้อมใช้งาน | Q158: NULL | R158: 45737.494
A159: 180 | B159: ห้องปฏิบัติการวิจัยเคมี | C159: Chemistry Research Laboratory | D159: F2109 | E159: ห้องปฏิบัติการวิจัยเคมี | F159: 179.35 | G159: 30 | H159: NULL | I159: NULL | J159: 1 | K159: 2 | L159: =VLOOKUP(K159,อาคาร!$A$2:$B$20,2,FALSE) -> อาคารเครื่องมือ 2 | M159: NULL | N159: NULL | O159: NULL | P159: พร้อมใช้งาน | Q159: NULL | R159: 45737.494
A160: 181 | B160: ห้องพักวิจัยเคมี | C160: Office Staff | D160: F2109B | F160: 23.52 | G160: 3 | H160: NULL | I160: NULL | J160: 1 | K160: 2 | L160: =VLOOKUP(K160,อาคาร!$A$2:$B$20,2,FALSE) -> อาคารเครื่องมือ 2 | M160: NULL | N160: NULL | O160: NULL | P160: พร้อมใช้งาน | Q160: NULL | R160: 45737.494
A161: 182 | B161: ห้องปฏิบัติการวิจัยเคมี | C161: Chemistry Research Laboratory | D161: F2110 | E161: ห้องปฏิบัติการวิจัยเคมี | F161: 176.18 | G161: 30 | H161: NULL | I161: NULL | J161: 1 | K161: 2 | L161: =VLOOKUP(K161,อาคาร!$A$2:$B$20,2,FALSE) -> อาคารเครื่องมือ 2 | M161: NULL | N161: NULL | O161: NULL | P161: พร้อมใช้งาน | Q161: NULL | R161: 45737.494
A162: 183 | B162: ห้องปฎิบัติการเคมี | C162: Chemistry laboratory | D162: F2111A | E162: ห้องปฎิบัติการเคมี | F162: 175.48 | G162: 30 | H162: NULL | I162: NULL | J162: 1 | K162: 2 | L162: =VLOOKUP(K162,อาคาร!$A$2:$B$20,2,FALSE) -> อาคารเครื่องมือ 2 | M162: NULL | N162: NULL | O162: NULL | P162: พร้อมใช้งาน | Q162: NULL | R162: 45737.494
A163: 184 | B163: ห้องเตรีมการทดลอง | C163: Experiment preparation room | D163: F2111B | F163: 23.52 | G163: 1 | H163: NULL | I163: NULL | J163: 1 | K163: 2 | L163: =VLOOKUP(K163,อาคาร!$A$2:$B$20,2,FALSE) -> อาคารเครื่องมือ 2 | M163: NULL | N163: NULL | O163: NULL | P163: พร้อมใช้งาน | Q163: NULL | R163: 45737.494
A164: 185 | B164: ห้องปฎิบัติการเคมี | C164: Chemistry laboratory | D164: F2112A | E164: ห้องปฎิบัติการเคมี | F164: 175.28 | G164: 30 | H164: NULL | I164: NULL | J164: 1 | K164: 2 | L164: =VLOOKUP(K164,อาคาร!$A$2:$B$20,2,FALSE) -> อาคารเครื่องมือ 2 | M164: NULL | N164: NULL | O164: NULL | P164: พร้อมใช้งาน | Q164: NULL | R164: 45737.494
A165: 186 | B165: ห้องปฎิบัติการเคมี | C165: Chemistry laboratory | D165: F2113A | E165: ห้องปฎิบัติการเคมี | F165: 175.2 | G165: 30 | H165: NULL | I165: NULL | J165: 1 | K165: 2 | L165: =VLOOKUP(K165,อาคาร!$A$2:$B$20,2,FALSE) -> อาคารเครื่องมือ 2 | M165: NULL | N165: NULL | O165: NULL | P165: พร้อมใช้งาน | Q165: NULL | R165: 45737.494
A166: 187 | B166: ห้องเตรียมการทดลอง | C166: Experiment preparation room | D166: F2113B | F166: 23.47 | G166: 1 | H166: NULL | I166: NULL | J166: 1 | K166: 2 | L166: =VLOOKUP(K166,อาคาร!$A$2:$B$20,2,FALSE) -> อาคารเครื่องมือ 2 | M166: NULL | N166: NULL | O166: NULL | P166: พร้อมใช้งาน | Q166: NULL | R166: 45737.494
A167: 188 | B167: ห้องเครื่องชั่ง | C167: Balance room | D167: F2113C | F167: 7.99 | G167: 4 | H167: NULL | I167: NULL | J167: 1 | K167: 2 | L167: =VLOOKUP(K167,อาคาร!$A$2:$B$20,2,FALSE) -> อาคารเครื่องมือ 2 | M167: NULL | N167: NULL | O167: NULL | P167: พร้อมใช้งาน | Q167: NULL | R167: 45737.494
A168: 189 | B168: ห้องปฎิบัติการเคมี | C168: Chemistry laboratory | D168: F2114A | E168: ห้องปฎิบัติการเคมี | F168: 171.77 | G168: 30 | H168: NULL | I168: NULL | J168: 1 | K168: 2 | L168: =VLOOKUP(K168,อาคาร!$A$2:$B$20,2,FALSE) -> อาคารเครื่องมือ 2 | M168: NULL | N168: NULL | O168: NULL | P168: พร้อมใช้งาน | Q168: NULL | R168: 45737.494
A169: 190 | B169: ห้องปฎิบัติการเคมี | C169: Chemistry laboratory | D169: F2115A | E169: ห้องปฎิบัติการเคมี | F169: 171.62 | G169: 30 | H169: NULL | I169: NULL | J169: 1 | K169: 2 | L169: =VLOOKUP(K169,อาคาร!$A$2:$B$20,2,FALSE) -> อาคารเครื่องมือ 2 | M169: NULL | N169: NULL | O169: NULL | P169: พร้อมใช้งาน | Q169: NULL | R169: 45737.494
...

Sheet อาคาร
A1: id | B1: name_th | C1: name_eng | D1: shortname | E1: utilizing_area | F1: no_of_foor | G1: no_of_room | H1: location | I1: sketch
A2: 1 | B2: อาคารเครื่องมือ 1 | C2: Facility Building 1 | D2: F1 | E2: 7767 | F2: 3 | G2: 0 | H2: 14.878059,102.017521 | I2: -
A3: 2 | B3: อาคารเครื่องมือ 2 | C3: Facility Building 2 | D3: F2 | E3: 8576 | F3: 2 | G3: 0 | H3: 14.877135,102.018145 | I3: -
A4: 3 | B4: อาคารเครื่องมือ 3 | C4: Facility Building 3 | D4: F3 | E4: 9984 | F4: 2 | G4: 0 | H4: 14.876226,102.018767 | I4: -
A5: 4 | B5: อาคารเครื่องมือ 4 | C5: Facility Building 4 | D5: F4 | E5: 7128 | F5: 2 | G5: 0 | H5: 14.877238,102.016324 | I5: -
A6: 5 | B6: อาคารเครื่องมือ 5 | C6: Facility Building 5 | D6: F5 | E6: 7104 | F6: 2 | G6: 0 | H6: 14.876351,102.016935 | I6: -
A7: 6 | B7: อาคารเครื่องมือ 6 | C7: Facility Building 6 | D7: F6 | E7: 8204 | F7: 2 | G7: 0 | H7: 14.875401,102.017595 | I7: -
A8: 7 | B8: อาคารเครื่องมือ 7 | C8: Facility Building 7 | D8: F7 | E8: 3820 | F8: 2 | G8: 0 | H8: 14.875052,102.020983 | I8: -
A9: 9 | B9: อาคารเฉลิมพระเกียรติ 72 พรรษา (อาคารเครื่องมือ9) | C9: Facility Building 9 | D9: F9 | E9: 24624 | F9: 3 | G9: 0 | H9: 14.874642,102.016481 | I9: -
A10: 10 | B10: อาคารเครื่องมือ 10 | C10: Facility Building 10 | D10: F10 | E10: 10560 | F10: 3 | G10: 0 | H10: 14.876541,102.015179 | I10: -
A11: 11 | B11: อาคารคลังสารเคมี | C11: Chemical Storage | D11: คลังสารเคมี | E11: 0 | F11: 1 | G11: 0 | H11: 14.878127,102.017947 | I11: -
A12: 12 | B12: อาคารเครื่องมือ 6/1 | C12: Facility Building 6/1 | D12: F6/1 | E12: 800 | F12: 2 | G12: 0 | H12: 14.875581,102.017079 | I12: -
A13: 14 | B13: อาคารสัตว์ทดลอง | C13: 320F | D13: สัตว์ทดลอง | E13: 0 | F13: 1 | G13: 0 | H13: 14.875542,102.008685 | I13: -
... A20: 22 | B20: อาคารเครื่องมือ 16 | C20: Facility Building 16 | D20: F16 | E20: 0 | F20: 3 | G20: 0 | H20: 14.875288, 102.015005 | I20: -
A21: 23 | B21: อาคารเครื่องมือ 0 | D21: F0
